filename;date;text;poison
UNK_240988.txt;24/09/1888;"Sep 24 1888



Dear sir



I do wish to give myself up I am in misery with nightmare I am the man who committed all these murders in the last six months my name is so [silhouette of coffin] and so I am a horse slauterer and work at Name [blocked out] address [blocked out] I have found the woman I wanted that is chapman and I done what I called slautered her but if any one comes I will surrender but I am not going to walk to the station by myself so I am yours truly [silhouette of coffin]/



 keep the Boro road clear or I might take a trip up there



photo

[silhouette of knife]

of knife



this is the knife that I done these murders with it is a handle with a large long blade sharpe both sides";
JR_270988 - DEAR BOSS.txt;27/09/1888;"25 Sept. 1888.



Dear Boss



I keep on hearing the police have caught me but they wont fix me just yet. I have laughed when they look so clever and talk about being on the right track. That joke about Leather apron gave me real fits. I am down on whores and I shant quit ripping them till I do get buckled. Grand work the last job was. I gave the lady no time to squeal. How can they catch me now. I love my work and want to start again . you will soon hear of me with my funny little games . I saved some of the proper red stuff in a ginger beer bottle over the last job to write with but it went thick like glue and I cant use it. Red ink is fit enough I hope ha. ha. The next job I do I shall clip the lady s ear off and send to the police officers just for jolly wouldnt you . Keep this letter back till I do a bit more work then give it out straight . My knife's so nice and sharp I want to get to work right away if I get a chance. Good luck.



yours truly



Jack the Ripper



Dont mind me giving the trade name



wasnt good enough to post this before I got all the red ink off my hands curse it.



No luck yet. They say I'm a doctor now ha ha";
JR_011088 - SAUCY JACKY.txt;01/10/1888;"I wasnt codding dear old Boss when I gave you the tip, you ll hear about saucy Jacky s work tomorrow double event this time number one squealed a bit couldnt finish straight off. had not time to get ears for police thanks for keeping last letter back till I got to work again.

Jack the Ripper";
RI_011088.txt;01/10/1888;"London E.



Monday.



I am so pleased to see another chance of ripping up a dear creature. I shall be in Buck's Row or very close to between 12 & 2 in morning on Wednesday I have got/ the girl set & as I have been offered dooble money for her woomb and lower part of body mean to have them at any price I do like to find them nice parts. I do pity Leather Apron. I've got some/ 

one to write this for me.



yours truly



Boss



Ripper";X
GEO_021088.txt;02/10/1888;"Dear Boss



Since last splendid success . two more & never a squeal. oh I am master of the art. I am going to be heavy on the guilded whores now, we are . some dutchess will cut up nicely & the lace will show nicely. You wonder how ! oh we are masters no education like a butchers no animal like a nice woman . the fat are best On to Brighton for a holiday but we shant idle splendid high class women there my mouth waters . Good luck there . If not you will hear from me in West End . My pal will keep on at the east a while yet . When I get a nobility womb I will send it on to C. Warren or perhaps to you for a keepsake 

O it is jolly .



George of the high Rip



Gang



[drawing of knife] red ink still but a drop of the real in it";X
JR_031088.txt;03/10/1888;I will write to you again soon / Just a card to let you know that I shall (if possible) do some more of my business in the West part of London & I hope to be able to send you my victims ears. I was not able to last time. My bloody ink is now running out so I must get some more. It amuses me that you think I am mad you will see when I am caught but it is death to the first man who touches me. It will be most probably the end of October or it may be before all depends Jack the Ripper;x
JR_041088.txt;04/10/1888;"October 4th 1888



Spring Heel Jack



The Whitechapel Murderer



I am an american I have been in london the last ten months and have murdered no less than six women I mean to make a dozen of it now while I am about it I think I may as well have six men in blue to make the number as I see there is a few too many knocking about the East End looking for me but I am close upon their heel every day and will be for some time yet and I was in the crowd at Berners Street watching the blue boys wash the blood marks away sorry to give you so much trouble but what I have sworne to do I will at the cost of my own life at nights I have been sleeping in Bow cemetery one thing I have to tell you know is the policemen who has found the women it is those/ I mean settleing as they will not g[et]  the chance of giving evidence against me I shall have to shift or short my quarters from Bow cemetary as I have enlightened you a bit about I have written this on the Embankment near Waterloo.



Jack the Ripper



I will rip a few maore

So help my God I

Will [drawing of two daggers]";x
JR_041088_2.txt;04/10/1888;"Prepare for thy doom. For I mean to settle you You villain you've lived long enough



Yours Truly



Jack the Ripper'";
JR_041088_3.txt;04/10/1888;"Bolton Oct 4th 1888

Dear Gentlemen. I have got to Bolton, and I have got a scent of another Girl. of mine that has been at London and I shall do it for her. i have one to do in Bolton  and one to finish in Burnley Lancashire before Oct 14th and I will give myself up at Manchester this part of country is slow and innocent I am getting sick so I will not be long before I have finished my work

Yours Jack the ripper/

I have written this in a hurry I have not got a stamp, its to late but I shall stay at Bolton until I accomplish my work

and then 20 to Burnley

Jack the Ripper

I shall give myself up on Oct 14th";X
JR_041088_4.txt;04/10/1888;"Dear Boss excuse slang



I hearby wish to give you notice that on october 7th 1888 I Jack the Ripper will rid the world of a dark & fair whore the ears & noses shall be cut off & sent as a reward to the [illegible]first nabs me I come down to Brixton for a walk to day business I mean.



old Charles Warren



shall die



Jack Ripper";X
UNK_041088.txt;04/10/1888;I beg to inform the police I am the Whitechapel murder I intend to commit two murders in the Haymarket tonight take a note of this Whitechape is to warm for one now my knife has not/ been found yet for I still have the knife I intend to keep it untill I finish 20 then try & find me;X
BR_051088.txt;05/10/1888;"Friday Oct 5

88/



I hereby notefy that I am going to pay your Girls a visit I here that they a bragging what they will [ ] do with me I am going to see what a few of them have in their Bellies and I will take it out of them so that they will never have any more of it on the quite



Dear Boss RIPPER



I am in Poplar today";
JC_051088.txt;05/10/1888;"Boss



Have arrived safe Here after a pleasant journey I murdered a woman last night and have cut off her womb I shall sent it by parcels post. I like the work some more blood the last letter was not from me



I remain



Jack the cunquerer



Amen



He[illeg.]";X
JR_051088.txt;05/10/1888;"Dr Boss You have not found me yet I have done another one and thrown it in the river and I mean doing another one before the weeks out. You can put as many bloodhounds a you like but you will never catch me Yours



Truly



Jack Ripper";X
JR_051088_2.txt;05/10/1888;"[Drawing of knife & X bones] 55, Flower & Dean street Whitechapel



Get your type ready my boys I'll give you a job for your paper I'm going to vissit Hackney on Saturday night Ill have a corpse in the Churchyard for parson Sundy morning Glorious fun. 14 more to make the twenty. Good luckk



Jack the Ripper";X
JR_051088_3.txt;05/10/1888;"Dear Boss if you are willing enough to catch me I am now in City Road lodging but the number you will have to find out and I mean to 

do another murder tonight in Whitechapel Yours Jack The Ripper";X
JR_051088_4 - MIDIAN.txt;05/10/1888;"5 Oct 1888



Dear Friend



In the name of God hear me I swear I did not kill the female whose body was found at Whitehall, If she was an honest woman I will hunt down and destroy

Her murderer. If she was a whore God will bless the hand that slew her, for the women of of Moab and Midian shall die and their blood shall mingle with the dust. I never harm any others or the Divine power that protects and helps me in my grand work would quit for ever. Do as I do and the light of glory shall shine upon you. I must get to work tomorrow treble event this time  yes yes three must be ripped . will send you a bit of face by post I promise this dear old Boss . The police

now reckon my work a practical joke, well well Jacky's a very practical joker ha ha ha Keep this back till three are wiped out and you can show the cold meat



Yours truly



Jack the Ripper";X
LA_061088.txt;06/10/1888;"Friday Oct 5/10/8



A WARNING



At midnight  A woman will be murdered at the High Level St.



Be on you guard



Leather  Apron";X
WK_061088.txt;06/10/1888;"Dear Sir



I don't think I do enough murders so shall not only do them in Whitechapel but in Brixton, Battersea & Clapham. If I cant get enough women to do I shall cut up men, boys & girls. Just to keep my hand in practice. Ha! ha! You will never find me in Whitechapel. By the discription in the papers 5 ft 7 inches is all wrong. Ha! Ha. I expect to rip up a woman or to on the Common at Clapham Junction one day

turn next week. Ha.ha.ha. I will send you the heart by pacels post.



Ha!Ha!



By By



Dear Sir

Yours when Caught



The Whore Killer";X
JR_071088.txt;07/10/1888;"Oct 7 1888



Dear Boss



Just a few lines to tell you I shall begin my knife operations again on or near Blackfriars Bridge this time I shall Do for three ['of' deleted] more women I shall keep on till ten more is out of the way then I shall give myself up I am now lodging in a lodging house and my name & address you will have to find out.



Yours truly



Jack The Ripper";
LAJR_071088.txt;07/10/1888;"Saturday 7/8/8/8



Dear Old Boss



You see I have some Black blood instead of Red [ ] know I did not have a chance to do what I intended on Saturday night Else there would have been another horrible murder in the East End I will give my self up 8 o'clock @ Peckham Station

Monday I am wearing a lights'uit With love to all



{Leather Apron}

{Jack the Ripper}";
JR_081088.txt;08/10/1888;"6 Oct 1888



You though your-self very clever I reckon when you informed the police But you made a mistake, if you though I dident see you now I know you know me and I see your little game, and I mean to finish you and send your ears to your wife if you show this to the police or help them if you do I will finish you. It no use your trying to get out of my way Because I have you when you don't expect it and I keep my word as you soon see and rip you up



Yours truly Jack the Ripper



[vertically down left side] You see I know your address";
JR_081088_2.txt;08/10/1888;"Berner Street

E.

Oct. 9th. '88.



To Sir C. Warren,



Another dreadful murder will be committed by me tomorrow morning.



Jack the Ripper";X
JR_081088_3.txt;08/10/1888;"[Red ink smudge, drawings of crossed daggers, skull and crossbones with halo, coffin and skeleton in black ink]



I am as you see by this note amongst the slogging town of Brum and mean to play my part well & vigorously amongst its inhabitants I have already spotted from its number 3 girls and before one week is passed after receiving this 3 Families will be thrown into a state of delightful mourning. Ha. Ha. My Bloody whim must have its way do not be surprised 15 murders must be completed then I kill myself to cheat the scaffold. For I know you cannot catch me & may I be even present in your dreams



Jack the Ripper";X
JR_081088_4.txt;08/10/1888;"Dear Boss I am now in the Kentish Town district and you will here of me on friday with my funey little games. Now if you think you can catch me by the writing in the first letter I wrote. You cant, because I can write two or three hands of writing

Yours Truly

Jack the ripper. Trade";X
JR_081088_5.txt;08/10/1888;"Charles Warren



Sir



I have pleasure in telling you that I am the man that has committed the disturbance in London by killing everybody I mean to committ two more to-night and then I will try the police i am living in Calcutta



Yours



Jack the Ripper";X
JR_081088_6.txt;08/10/1888;"Whitechapel



8 October 1888



Dear Boss



Although you have not yet succeeded in catching me I presume you 'live in ope'



I have not yet settled my account with whores & mean to do the dozen I originally stated -



Yours with love



Jack the Ripper



C. Warren Esq";
RI_081088.txt;08/10/1888;"8/10/88

Galayshiels



Dear Boss,



I have to thank you and my Brother in trade, Jack the Ripper for your kindness in letting me away out of Whitechapel I am on my road to the tweed Factories I will let the Innerleithen Constable or Police men know when I am about to start my nice Little games. I have got my knife Replenished so it will answer both for Ladies and Gents Other 5 Tweed ones and I have one my wager



I am Yours



Truly



The Ripper";
JR_091088.txt;09/10/1888;"Oct. 10/10



Dear Boss



You will be surprised to heare that you had little Jacky In your Pub the other night, What fun to think the Police were Wating for me at the East End Which I was Injoying my Little Self good by you Bet I will see you beffor long



I am



Your Truly



Jack the Ripper";
JR_091088_2.txt;09/10/1888;"No Street



Whitechapel



Dear boss



I am going to do another job right under the very nose of the damed old Charley Warren You have had me once but like fools let me go Jack the Ripper";
JR_091088_3.txt;09/10/1888;"Oct. 9th Brick Lane



Dear Boss,



Very quiet lately, been sharpen-ing my knife, you will hear of me next Saturday night with my funny game's again at Silvertown or very likely before, no doubt on Friday night, I mean to Rip up two girls that work at Silver's, I have watched them this last week, curse the ink

its Fell over it has gone pale. You have not caught me yet. I have been in Whitechapel all the while. You can offer all the reward you like but you wont catch me next two girls I will fetch their Hearts to the Police Station and lay them on the step of Leman Street Station.



No doubt you have been on the watch for me



No more at present



Jack the Ripper";X
JR_091088_4.txt;09/10/1888;"To the Central Police Authorities London



Dear Boss



I am sure you find me if you look for me as I have been hiding my self in a quarry I am going to the 6 bares to a tree in a country place & there rip them up



Yours truly



Jack the Ripper";
BB_101088.txt;10/10/1888;"Old Boss



The Ripper will soon be on the trak agin, nose and ears he wants next as present for Boss. Wen he gets em will be able to unite in blood, aha aha, blood blood blood,



Yours



Bill the Boweler.";
JR_101088.txt;10/10/1888;"Jack the Ripper



Sir



you had better be carefull How you send those Bloodhounds about the streets because of the single

females wearing stained napkins  women smell very strong when they are unwell";
JR_101088_2.txt;10/10/1888;"HAVE YOU SEEN THE ""DEVIL"" [Cutting]



Hampstead



Oct 10/10/88



If not Pay one Penny & Walk in-side



Dear Boss I am Waiting every evening for the coppers at Hampstead heath you will find tow or three of them goone before this week is ended I am lodging in Scratchem Park now the number I shall not tell you I mean Litchin st

I Remain yours Jack the Ripper



Hampstead



Oct 10/10/88



Dear Boss



I am waiting";
JR_101088_3.txt;10/10/1888;"Dear Boss (you are the biggest fool in London I am in Lester now for a holiday What a dance I am leading all those fools about London why I am Passing them by dozens against Scotland yard way & don't I laugh & say Damd fools you work them too hard Poor fellows but I say good joke about those things being a Hoax ha!ha!ha! please look out for me in London again between now &

next wednesday Jack the Ripper";X
JR_101088_4.txt;10/10/1888;"Oct 9.



double event to night will give up Kings X met 12 o'clock on Oct 10



Jack the ripper";X
JR_101088_5.txt;10/10/1888;"Edinburgh



10/10/88.



Dear Boss



You will be wondering why I have been so quiet. Fact is I was nearly caught. over the last job Will start again next week mean to be hard on the Fairies.



Jack the Ripper";X
JR_121088.txt;12/10/1888;"Friday 88



Dr Boss



I hear you have bloodhounds for me now But I will deceive them & you dogs too & I am sertain that I shall do one to night In C.R which you will have to find out [drawing of knife] what that means



I remain



Yours



J the R



[Large drawing of knife]";X
JR_131088.txt;13/10/1888;"Narrow marsh



Nottingham



[I] is at Nottingham now if you wants me shall begin business on Monday Jack the Ripper but one who did Wightechapel";X
JR_131088_2.txt;13/10/1888;"59- Place

Whitechapel



Jack Porns.



This is to give you notice that I intend to rip your little fat belly up next week. A man so infernally conceited, and such a liar as you are deserves no mercy at the hands of



Jack the Ripper



[Small pencil drawing of skull and crossbones over a coffin]";X
ME_131088.txt;13/10/1888;"Sirs, I am sorry that such a letter should be sent to you, viz, the one signed Jack the Ripper . . . I can assure you it is nothing to do with us whatever . . . I caution persons playing such tricks ... to beware of their Bodies for `it's' no joke . . .



I am yours truly.



Mr Englishman



Colchester Oct. 13. 1888.



1213. Shall not return to the E. end trust Sir C. Warren to make such a fuss . . . . . . . . .";
MJ_141088.txt;14/10/1888;"13th of Oct



Sirs



Do you think that you can catch me and my pals if so say it at once and when you have said what you have to say why then we can lofe about, had to jump up just now, thought you had, next time I do any thing it will be at the town in which I write this letter I remain yours murderyfied J.J. Thompson alias J. the Rippers Nephewx



PS Excuse bad writing J.J.T.";
AR_151088.txt;15/10/1888;"Hotel. Bristol



Old Pal



I am one of Jacks foremen. I am in Bristol at present and mark me if there is not 3 murders done in Bristol within a week from now then I'll betray the whole gang.



Until then



Good Bye, A.R.M.";X
JR_151088.txt;15/10/1888;"Leeds Oct 15th



Gents yes I have made six successful attempts I shall make the next in Leeds in the Leylands to night I shall protect all honest women & all the fat ones I shall meet the first I shall send to you From



JR



P.S. my pal shall be in the west end to night at your place.";x
JR_151088_2.txt;15/10/1888;"Sunday Oct. 14, 1888



Mr, Smith, A few line to you to let you know that you will soon meet your death, I have been watching you lately and I know you must have money by you, therefore, I Jack the Ripper will come and serve you the same as I did the other whores in Whitechapel I shall come quite unexpecet, and I shant give you time to sqeal for my knife is nice and sharp yours truly Jack the Ripper [drawing of knife 'the knife' on handle]";x
JR_151088_3.txt;15/10/1888;"Lodging

London



Dear Boss



I was passing the Houses of Parliament the other day & every po-lice-man I did come across look at me expeccially number 1.a I was going to do another murder at York street Lambeth Friday I am going up to Palmerston Rd to do 3 murders I am going to take my Knife with me it is nice & sharp & it will kill 10 more mid-ages women & 8 children the oldest shall be 18 I have not told you at what number I am going to committee those 9 murders but it is near the Baths because I can

throw them in the water



Jack Ripper



PS



Excuse bad writing because bad wood";x
JR_151088_4.txt;15/10/1888;"Dr Boss



You have not found me yet I have done another one and thrown it in the river and I mean doing another one before the weeks out. You can put as many bloodhounds as you like but you will never catch me



Yours Truly



Jack Ripper";X
MC_151088.txt;15/10/1888;"Dear Sir, - If the Bradford Police would like to make another gallant capture now is the time. I have arrived in town for the purpose of doing a little business. Bradford is the field that requires my labour. Of course knowing as I do that your men are so clever it is not necessary to give my address nor yet describe myself minutely. I will simply state that I am here and alone quite near to the Town Hall.



I am, my dear sir, yours in the fight against wickedness.



J. Ripper



P.S. - Perhaps you would like my portrait, but you see I am in deep mourning for those ladies that I put to sleep, and do not wish to have one taken.";
JR_161088.txt;16/10/1888;"Oct 18th 1888

Albany Road



Sir,



Look out to night for me in the neighbourhood of London Road they are some hot ones there if these fogs continue What a chance I shall have I am getting tired of my rest and I want to get to work again I shall not write any-more. Yours truly



J the R";X
MC_161088.txt;16/10/1888;"Bradford, Oct. 15th 1888.

Sir, - Would you permit me through the medium of your valueable paper to announce my arrival in Bradford. I would have wired you but you see the people would have gone to trouble and expence in order to receive me kindly, particularly the gaurdians of the peace; however, I shall start work as soon as possible as I have other engagements immediately that I finish here. Of course I have informed the Chief Constable by Letter of my presence in town but I forgot to send my card with name and address so that He might know where to call when having a desire to see me, poor dear old Bobbies how very clevar they are not so clever as my humble self, hoping that you will give this publication



I am 



Dear Sir yours Etc.



J. Ripper";
UNK_161088 - FROM HELL.txt;16/10/1888;"From hell



Mr Lusk



Sor



I send you half the Kidne I took from one women prasarved it for you tother piece I fried and ate it was very nise I may send you the bloody knif that took it out if you only wate a whil longer



signed



Catch me when you Can



Mishter Lusk.";
JR_171088.txt;17/10/1888;"PS-



If you have not gone... you soon will [illegible] You old [?] Funker [?]



Yours Truly Jack the Ripper



I will do you Next";
JR_171088_2.txt;17/10/1888;"Dear Parkin,



Having not seen you for a long time I'm coming to see you, getting tired of Whitechapel I thought it best to give this town a turn and I think you will suit my purpose a treat meet me at Thornton Heath Friday night at 8 oclock if you fail you will be a dead un. Beware



Yours Truly



Jack the Ripper



[reverse, stain] This is blood from the woman I done in Mitre Square I might have some of yours";X
JR_181088.txt;18/10/1888;"To City Dedective. from the old Jewry - to day was wasting his time at Johnsons' Gracechurch St looking at articles for today sale silks particular & under garments - we do not pay our rate for the kind of thing - tall - fine - tall hat with band up - dark hair & Countenance also one

in the fact & I may add he parts his hair behind also - Jack the Ripper";
AA_191088.txt;19/10/1888;"19th Oct 1888



Sir,



The crime committed In Mitre Square City and those in the district of Whitechapel were perpetrated by an Ex Police Constable of the Metropolitan Police who was dismissed the force through certain connection with a prostitute The motive for the crimes is hatred and spite against the authorities at Scotland Yard one of whom is marked as a victim after which the crimes will cease



Yours truly



An Accessory";
JJ_191088.txt;19/10/1888;"Wouster Oct. 19 1888



Dear boss iff you are the boss you have not got the right man 100 miles off scent bloodhounds no use will not catch me have been in Wouster a week have spotted 3 out will visit them again shortley dont know much about this part off too Brum to-day



Post this on me way, hope I shall have luck there The Atmosphere was to hot at Whitechapel had to clear off smelt a rat saw last victim burried I felt rather down hearted over my knife which I lost comming here must get one to night. I shall kill 15 at Brum call and settle 3 I have spotted at Wouster Ishall then finish up at Hull before going to Poland.



Silly looking in low lodging houses for me do not vissit them description posted at Ploice stations nothing like me look out for Octer. 27th at Brum will give them ripper.



Jack a poland Jew Better known as Jack the ripper



A drop of Strides Blood";x
JR_191088.txt;19/10/1888;Please send 1 Bottell Whiskey I intend to murder one in Dublin to night Grand job I made of the last. Don't forget to meet me in Patrick st. J the R Yours truly Jack the Ripper;x
JR_191088_2.txt;19/10/1888;"Central news office



I was very glad to hear that you have go the Kidney and the next thing i send it will be the knife and the next murder I do I will cut the womens pratt ... Right out . . . send to you and Charles Warren will send the Bloodhounds out and then they wont catch me



Jack the Ripper";
JR_201088.txt;20/10/1888;"Hampstead Rd



Dear Boss



You have not caught me Just yet, but just to give you a little clue I am living in Hampstead Road.



Yours truly



Jack the Ripper



[Down left side  'Two more murders on Oct 27 What a lark']";X
JR_201088_2.txt;20/10/1888;"Please let all the people know I am in Waltham  I was going to do two women if they were not to Saucy I nearly had one in the Victoria Road the other night had it not a been for a girl being with her just the Length I want I wish she had,: not a fine to high up . excuse this note as my

right hand is very bad got bye I am ready when she comes ... her self her face is to [illegible] I send [illeg.] & lock of her hair to her husband I saw her my knife is sharp blood more blood ha ha ha Good bye



Jack Ripper



Let Mr Lusk have a note to night as I cant Write with my hand no red ink now all gone right [?] ... [illegible]



[Down right side of page  'this morning the pretty women I am not to good as in [illegible] keep this quiret till I have done one']";X
JR_201088_3.txt;20/10/1888;"Dear Boss



Since last no success [ ] am going to have a try in the slums of Brentford



Yours truly



Jack the Ripper";
JR_201088_4.txt;20/10/1888;"Dear Old Baskett



Yer only tried ter get yer name in the papers when yer thought you had me in the Three Tuns Hotel I'd like to punch yer bleeding nose



Jack the Riper";
JR_221088.txt;22/10/1888;"22/10/88



Dear Sir



Take my advice and trouble yourself no more about me. Talk about having caught a ""Jack the Ripper"" at Bradford, why I'm all safe and sound its all bosh. If I was in your place I'd let my men search the different houses and alleys where if they looked they would find two more women which I killed & cut up before a bobby's nose. he was rather drunk. if I ketch any of your bloodhounds I'll kill and eat them them, wont you come and help me to kill a few women,

it's a jolly nice lark.



Yours



Jack the Ripper



I have disguised my writting a bit because you were almost on me";
UNK_221088.txt;22/10/1888;"One of the two women I told you about is a Chelsea girl and the other a Battersea girl. I had to over come great difficulties in bringing the bodies where I hid them. I am now in Battersea.



Good bye ta ta.";
JR_231088.txt;23/10/1888;"23/10/88



Dear Sirs



I Jack the Ripper thanks you for your trouble in trying to catch me, but it wont do.



I suppose you would like to know why I am killing so many women, the answer is simply this. ""When I was at San Francisco in July, 1888, I lent three women from London about 100 sterling to pay some debts. they had got into, promising to pay me back in a months time, and seeing that they had a ladylike look I lent the money. Well when the month passed by I asked for my money but I

found that they had sneaked off to London so I swore that I would have my revenge, the revenge was this. that I would go to London and kill as many women as possible. I've killed 9 as yet. you've not found all the corpses yet. Ha. Ha. I've told Sir C. Warren that in a letter of the 22nd inst. In the last women I killed cut out the kidneys and eat them, you'ill find the body in one of the sewers in the East End. The leg you found at Whitehall does not belong to the trunk you found there. The police alias po-lice, think themselves devilish clever I suppose they'ill never catch me at this rate you donkeys, you double-faced asses, you had better take the blood-hounds away or I will kill them. I am on the scent of those women that swindled me so basely, living like well to do ladies on the money they sneaked from me, never mind, that, I'll have em yet, afore I'm done, damn em, To tell you the truth you ought to be obliged to me for killing such a deuced lot of vermin, why they are ten times worse than men.



I remain. etc.



Jack the Ripper



Alias



H.I.O. Battersea.";
JR_241088.txt;24/10/1888;"Dear Boss



I am going to do Jack the ripper in this town to day I will visit Eagle Street and will cut some ladies ther I will warn them to look out I will do for as many as I can they say they have got a clue of me but they have not, I will keep on my work till I do get buttled



[Drawing of crossbones (?), coffin, crossed clubs] Jack the Ripper";X
JR_261088.txt;26/10/1888;Dear ol Boss, - I am known as 'Jack the Ripper', and I am going to pay Glasgow a trip. I hear there are fine women in Saltmarket, Glasgow, so I am going to pay you a visit. - Yours truly, Jack the Ripper.;X
JR_261088_2.txt;26/10/1888;"Dear Boss



If you are Willing enough to catch me I am now in Goswell Road by Carter P. office 12 o'clock I am the man from texas, the mysterious murders in Whitechapel caused i give myself up to night



My height is 5ft 7 1/2 inch Dark complexion age 38 years



Yours

Truly



Jack the

Ripper";
UNK_271088.txt;27/10/1888;"MANSELL STREET

ALDGATE



HONd. SIR



YEW HAVE'NT CAUGHT ME YIT, ALTHOUGH YOU ARE SO BIG BEWARE. FOR I START AGAIN ONE NIGHT NEXT WEEK. YOU WILL KNOW WHEN I DO. CLAPHAM COMMON IS MY NEXT PLACE, BEWARE OF J. the R.'s VENGENCE";X
JR_291088.txt;29/10/1888;"Old boss you was rite it was the left kidny i was goin to hopperate agin close to your ospitle just as i was goin to dror mi nife along of er bloomin throte them cusses of coppers spoilt the game but i guess i wil be on the job soon and will send you another bit of innerds



Jack the Ripper



O have you seen the devle with his mikerscope and scalpul a lookin at a kidney with a slide cocked up.";
JR_311088.txt;31/10/1888;"Dear Boss,



I am living in 129 C Rd..,. and I mean to do another murder in PEN Rd to night



Yours truly



Jack the ripper";X
JR_311088_2.txt;31/10/1888;"Dear Old Boss,



I daresay you are in a bit of a fix not being able to catch me, shall take a rest for some time yet and then commence work again, it is no good your'e tryin to catch me because it wont do 



Jack the Ripper";
UNK_311088.txt;31/10/1888;"C / h / h / h/



Sir, You had mind yourself for I am going to ripe another holy womem again two night and I take joly yer wont catch me for I think you have had a gud fist now I willnt say where yer no I have got another one wo not me so catch me if you can I'm Jack the riper as yer call me



I make yer swear don't forget [Drawing of knife after signature]";X
RI_021188.txt;02/11/1888;"Important



Sir Chas Warren



Sir Charles Warren



I must have some more Blood tomorrow night -



Lookout Ripper";X
UNK_031188.txt;03/11/1888;"at a meeting of the council of midnight wanderers of Belfast the following resolution was unanimously passed 



That this Council tenders hearty fraternal congratulation to 'Jack the Ripper' on the grand success he has recently scored.



[Large red blot across bottom of page]";
JT_041188.txt;04/11/1888;"['October 27.' Deleted] Nov. 3rd 1888



To Mr Charles warren head Police Scotland yard detectivs.



I. hame pleased to year that I was caught at neath on saturday night at the falcon hotel old market st but you have not had the pleasure of catching me yet by the time you have had this one or two more will feel my knife I have been helpin the police in the seaorch with blood - hounds and rejoices in hearing them say they were on the right track J. T. Ripper



Ah! ah. over next one I copp I'll send the toes and earoles to you for supper



J. T. Ripper



[Drawing of hand holding knife]";
JR_051188.txt;05/11/1888;"Keep a extra look out in Whitechapel tonight



Jack the Ripper



P.S. THERE IS ONE OLD WHORE WHO I HAVE GOT MY EYE ON SO LOOK OUT



J.T.R.";X
JR_071188.txt;07/11/1888;"7 .11 . 88



Dear Boss



I am writing you this while I am in bed with a sore throat but as soon as it is better I will set to work again on the 13th of this month . and I think that my next Job will be to polish you off and as I am a member of the force I can soon settle accounts with you I will tear your liver out before you are dead and show it to you and I will have your kidneys out also and frie them with pepper and salt and send them to lord Sablisbrury as it is Just the sort of thing that will suit that old Jew and I will cut of your toes and slick of your behind and make macaroni soup of them and I will hide your body in the houses of parliament so you grey headed old pig say your prayers before I am ready



[Written at right angles down third page] & I cannot say any more at present boss yours truly 



Jack the Ripper



[crude drawing of profile of man with buttons down front of jacket]  this is yourportrait.";X
JR_081188.txt;08/11/1888;"Your friend Jack the Ripper



I am very please to send you this little as I am your friend I have been having a nice rest but now my rest is over I am going to make a fresh start again. Now first of all I am going to settle 4 of Barratts girls at woodgreen next month and then after I have done this I am going to slay 2

boys and 3 girls between 14 and 15 years of age and after this I and going to France and start my work there. I often laugh to myself when I hear that the men have calling out Cleaver capture of Jack the Ripper";X
JR_081188_2.txt;08/11/1888;"Whitechapel

8/11/88



Dear Boss



I am still knocking about Down Whitechapel I mean to put to Death all the dirty old ores because I have cought the pox and cannot piss I have not done any murders lately but you will find one done before long. I shall send you the kidney and cunt so that you can see where my prick has been up I am in one of the lodging houses in Osborn street but you will have a job to catch me I shoudent advise any coppers to catch hold of me because I shall do the same to him as I have done others. Old packer the man I bought the grapes off saw me the other night but was to frighten to say anything to the police. he must have been a fool when there is such a reward offered never mind the reward will not be given. You will hear from me a little later on that I have done

another murder. But not just yet. Dear Boss if I see you about I shall cut your throat. The Old Queen is none but one of those old ores I have Been up her arse and shot sponk up her



I remain Dear

Old Boss



Jack the Ripper";
JR_091188.txt;09/11/1888;"Dear Boss



Be good enough to send a fiew of your clever policmen down here the time is nearley up for another job so look out, the knife is in good condishion and so am I Boss, the police pass me close every day, and I shall pass one going to post this, now then Boss just keep this letter

a bit quiert till you here of me again I tell you that I don't like to be made so publick Greenwich is a nice place and I am not far off South Street Black Heath Hills



Good buy old Boss



Jack the Ripper and the Beester



[drawing of knife] Novr 9th



P.S. Ecxcuse red ink";
UNK_101188.txt;10/11/1888;"10/11/88



WELL YOU SEE I'VE KEPT MY WORD, AND DONE FOR THE ONE I SAID I WOULD. I SUPPOSE YOU TOOK NO NOTICE OF WHAT I SAID. THOSE OTHER LETTERS WERE NOT WRITTEN BY ME AT ALL AND HAS SOME ONE HAS BEEN KIND ENOUGH TO GIVE ME THE NAME OF ""JACK THE RIPPER"" I'LL ACCEPT IT AND ACT UP TO IT. LOOK OUT FOR

THE NEXT 



P.S. YOU CAN'T TRACE ME BY THIS WRITING SO ITS NO USE ON THE POLICE STATIONS";
JR_111188.txt;11/11/1888;"From Jack ['sheridan' deleted]



The ripper



Folkestone.



Nov 11 1888



Dear Boss I am getting on the move Lively baint i made a good Job Last time getting better Each time a good Joke i played on them three Laides one ['death' smudged out] Died two frighened Next time a woman and her Daughter tata



Dear Boss [Drawing of stick man with knife standing over fallen victim, 'P' and man with knife, ?]";X
JR_111188_2.txt;11/11/1888;"Nov. 11th



[Crude drawing of skull and crossbones]



Sirs - this time

I am not afraid of letting you know the whereabouts I am I can't help but laugh at idea of Sir C. Warren & his blood hounds It is of no use the police to be so reticent in the matter next time head clean off I have my eye on the next on the list there is plenty in Hull all good blood

I have lost the real stuff. Take warning next time I carrie the head away with me in my bag the blood wont [illegible]? I take good care of the uterus. I will give next one gip [?] no mersey.



Jack the R-";X
JR_121188.txt;12/11/1888;"[Drawing of head and shoulders of unshaven man]



This is my Photo of Jack the Ripper 10 more and up goes the Sponge



Sig Jack the Ripper";
JR_121188_2.txt;12/11/1888;"November 9.1888



Dear Boss



You see I have done Another good thing for Whitchaple



Yours in luck



Jack the ripper



J.F.W.";
JR_121188_3.txt;12/11/1888;"Dear Boss



Guess what make me fits & keep on laghing at the Detectives I shall make them Busy next Thursday A woman Jane Batemore in at place I may not explain as I may be prevented I mean to kill Packer the fruiter in Berner St he knows me to well they can offer A hundred Free Pardons they will not catch me I mean to do 12 more I will do them How can they catch me Poor old Sir C Warren he is getting trouble if he likes I can put away wish me by murdering him I am A Patentee of murdering

The prositues I promised Kelly it 2/6 for to have A [smudged word] Fuck & she gave a Little scream but I act quickly by putting a chop in neck the Dear old knife who committed these murders is down the thames  If Government will give me A Free Pardon I shall give myself up [previous in black ink, following in pencil] no, after doing twenty I tried to do one last week but was prevented



Good old Boss



Yourstruly



Jack the Ripper";X
JR_121188_4.txt;12/11/1888;"Nov 12 18/88



Dear Boss



just A line to Let you know that i got over my job all right i shall Do a another job about 2 or 300 yards from the same spot within 3 or 4 day.



Singed Jack the Ripper";X
MA_121188.txt;12/11/1888;"Inspector on Duty

Scotland Yard



Reason for Supposing Jack the ripper. a tailor from his letter. first (Ripper) is a tailors word.

(Buckle) a tailors word. they wont (fix) fix buttons (proper red stuff) = army cloth or suits

(real fits) tailors words - good fits men generally . uses expressions borrowed from this trade



Yours truly



Mathematician";
MB_121188.txt;12/11/1888;"To ... Kings X Police Station 11/11/1888



Sir,



Being an accomplice of ""Jack the ripper"" I am able to tell you that he will sail for ""New York"" from Liverpool on Thursday next

""^^"" Yours truly



M Baynard



[Line blotted out with black ink at top of page, and section blotted out under date]";
JR_131188.txt;13/11/1888;"Dear Sir



As you see I am still knocking about Ha. Ha. what chances there are to be sure I think I will give the East End a rest now & have a look round the suburbs have just met two nice girls in Norwood just the bit I like its no use you Slops trying to get me till I have got my number 6 then you may do what you like with me What for the [remainder is cross-written over preceding and difficult to read] bobbies arecan't get a man like me Why I speak to about 6 a day & then they don't know me. Norwood seems a very quiet place I think I will cause a little excitement I cant say no more now will say more later on am in a hurry now yrs with love, Jack Ripper";
JR_131188_2.txt;13/11/1888;"Dear Boss Have no money to send it by post



I reside in one of the City Road lodgeing houses if you want me. I am going to try and do another murder in clapton on Saturday night Hoping this will find you well I remain



Jack the Ripper



[reverse] this got screw up last time



Description of me Green & Black velvet coat and speckle trousers with 50[?]buttons down it & I carry a black bag 



[Full page drawing of a pearly king wearing a bowler and smoking an upside-down pipe. Written across at right angles either side of drawing]



with something in that females don't like



Goodbye dearBoss";X
JW_141188.txt;14/11/1888;"November 14/18/88



Dear Boss



I heard last week that you had caught me but you will find I am not yet you will hear of me and my works [?] again I am going to commit 3 more 2 girls and a boy about 7 years old this time I like ripping very much especialy women because they dont make a lot of noise Yours



Jack the Witechapel

Ripper hopping that you

Will soon hear of my works

Again [?]";X
JR_151188.txt;15/11/1888;"15/11/88.



Dear Boss,



I always address my letters to Boss my dear old cousin I mean to do another murder in Whitechapel on Wednesday. Mind you look out for me. I will cut her hears off nose off and pull her gutts out.



I am yours

Truly



Jack the Ripper";X
JR_151188_2.txt;15/11/1888;"Dear Boss



I made a good job last time. I intend doing another murder in the Furness district a week next Sunday night and dont forget to look out for me next Tuesday night



Yours



Jack the ripper";X
JR_151188_3.txt;15/11/1888;"excuse paper cannot afford to Buy any 



dear Boss



i shall Be at my work in City Road on Monday 



Jack the Ripper



Dont be Frightened";
JR_151188_4.txt;15/11/1888;"Dear Boss



you shall have a Nice parcel like the Boss Lusk Wen I due Job I have 13 booked for blood and will Given my self VR my cousin is one of the ripper . We got tow parcel to send one to you and one to the landlord McCarthy



Good By Dear Boss



We will Ripper up Cox Next



Jack the Ripper";
JR_151188_5.txt;15/11/1888;"Dear Boss



I wish to Inform you that I will in a few hours perform Business in this locality Kings Cross &c



Yours



Jack the Ripper";X
JR_151188_6.txt;15/11/1888;"14/11/1888



5-20 P.M.



Dear Boss



I gave you warning that I would clip the lady's ears off, grand work it was, Had plenty of time. finished her straight off. Shall not keep you waiting long. Will try & clear, 3 woman next time. I shall snap the fingers & toes off next time. My knife is a treat. But where are the Bloodhounds? Curse the Red Stuff it clogs so thick on me good bye till you hear from me again



Jack the Ripper



I'm 35 & Still Alive?";X
JC_161188.txt;16/11/1888;"16/11/88 [brown paper wrapper among reports]



To the Supt,



I know you are looking for me everywhere but will never find me. I am chiefly in Hampstead Rd & Tottinham court Rd. Why I passed a Policeman yesterday & he didnt take no notice of me. Its no use you putting up those bills you wont find no partner. I'm on the right side I do it by myself. Im not in any fishing smacks as you call them Im a private Gentleman. Look out for me on

Saturday I Intend to do some more murders. No one wont get no 1 000 pounds.



I live in George St. very comfortable. Im 30 years old tall & dark [ ] if you cant find me your a lot of fools.



Yours Truly



Joe the cats meat man & woman hunter



[Crude side view drawing of a man] Look out old Charlie Warren. Heres my photo Im considered a very handsome Gentleman";X
JR_171188.txt;17/11/1888;"Sat: Nov: 17th 1888



Dear Old Boss I am going to do another murder as soon a I see the chance I will do the next one worse than the last. I shall take her heart left kidny cassues and brains. Dear Old Boss you think your going to catch me now my mean cousin has been and gave the discription of me but you

will find it the mistake out [two pages largely illegible because of heavy staining with blood (?)] going to murder my cousin the first time I see him ... Jack the Ripper dear Boss I have ornamented the paper well so you can see I have got the proper stuff this time";X
JR_171188_2.txt;17/11/1888;"18 Miller's Court

Whitechapel



Dear Boss



You have not caught me yet or are you likely to. No. 81 have only got settle 12 more in less than 4 weeks. The Dectives seem to such lot [?] as for Sir Charles Warren Puppeys they are not good at all



From your

Friend

Jack the Ripper



[Note at bottom in pencil - 'There is no 18 Miller's Court 19.11.88...']";
JR_181188.txt;18/11/1888;"Plymouth



Dear Boss



How is it you cant find me I am at Plymouth at Present and I think I will do a little business down here with the whores as they are quite as bad as they are in the old place. Keep the bloodhound ready as I shall be back again by Christmas.



Yours truly



Jack the Ripper";X
JR_191188.txt;19/11/1888;"18. November 1888.



Dear Boss



The police officers 'ave not caught me yet How can they when I am used to police work. I shall [k]eep on ripping whores till [I] do get buckled. I want to get to work right away if I get a chance and will do another one indoors. The last job was a grand one It took me a long time to do. My knifes so nice and I shall take the next ladys scalp. You will hear of my funny little games again on Friday night Good luck



Yours truly



Jack the Ripper



[Police note across top left corner of first page - `Inspector Abberline' initials illegible]";X
JR_191188_2.txt;19/11/1888;"Jacky the Ripper



Dear Boss 



being near Ipswich I must not leave that delicious town for these lovely young women there is a friend of mine belong to this town tells me this Polly Wright living not far away from The Church at opposite mark with barracks Luisa Whitning may be her colour of near my short blade . . . most likely you won't know the murder I have just committed F. for the Handicap fixed for next week I must see race & I hear you are a racing chap . . . Ink Pen & Paper are all very poor they won't let me have them semely about whitechapel Look out the St Clements district including Welcome Sailor Gardner's Arms & etc.";
JR_191188_3.txt;19/11/1888;"Poplar-



I am very much amused at the description of myself in the paper. If you want a full description and a truthfull one, find the Good woman that took me across Hackney Common and through the Parks a fortnight ago. I had made up my mind to work that day on the first I met, we were in a dark place for it was foggy. But if I am the Devil I could not touch her. she is the only good woman I have met in England I told her I was Jack the Ripper and I took my hat off and she is the only one that has seen my face. I am the man you will have a hard job to find her, she was

going to work and had got her girl with her. I could have done mother & daughter easy, she was to good.



Jack the Ripper";
JR_191188_4.txt;19/11/1888;"Dr Boss



I am still in the third Avenue here and I am still amusing myself with the most important arrest of your men which are being made daily Well my friend I have done another last night of which this is the blood I mean to leave it a little longer before I tell you where I have done the four not yet found [illegible] May. This blood [illegible] your bloodhounds at their work I shall stay here until further notice.



Yours Dr Boss



Jack the Ripper



P.S. Take care of my cousin who bought the [illegible] Ha! Ha!";
JR_191188_5.txt;19/11/1888;"I am Jack the Ripper Catch me if you can shall have one in Woolwhich This week Look out for me at Woolwhich'



[Black ink, drawing of back of man wearing astrakhan trimmed coat on first page.]";X
UNK_191188.txt;19/11/1888;THE WHITECHAPEL ATROCITIES ALL ON THE WRONG SALVAGE! I AM IN A FIRST-CLASS AT GOVAN WANTED young lady the 24th instant B GOD I SHALL CLEAR GLASGOW AND GOVAN AND POLLOCSHIELDS OF 16 ENGLISH WHORE LADIES AND GENTLEMEN THE LORD WILL DO HIS GUARANTEED Work BY SCUTCHER. 300 Pieces REQUIRED NO CLUE.;
UNK_191188_2.txt;19/11/1888;"Royal Hotel

Weston-S-M.

11/17/88



Dear Old Boss.



I am now going to make my way to Paris and try my little games on them as you aint sharp enough for me here I have done eleven murders so you aint found them out after al. Two gone down suers.



God bless you.



Good by I'm of to Paris.



Believe me ever



Yours affectionatly";X
JR_201188.txt;20/11/1888;"From Jack the RipperaliasLeather Apron



Dear Boss



I think I will give myself up because I makes me wretched but I wanted to get rid of these old tales & I hope you will forgive me when I have murdered you



Yours Truly



Jack the Ripper



Bham";
JR_201188_2.txt;20/11/1888;"Dear Boss 2[?]4/11/1888



I hope you are quite well as It lives me at present for I am going to commited another murder on Wenesnday just as bad as the other. look out for me for I am going to her head off and her legs off. In fashion street I will be there of all day long. Plese will you pass this to sir Charlie dear Charlie.



Yours truly



Jack the Ripper



I was round the euston when the law [?] took a man on suspion. Don't forget I wrote when very quick becaus I had to catch the trian for queens park";X
JR_211188.txt;21/11/1888;Jack the Ripper wishes to give himself up will Abberline communicate with him at number 39 Cutler Street Houndsditch with this end in view Jack the Ripper This is written with the 'Blood of Kelly ' all Long Liz's blood is used up;
JR_211188_2.txt;21/11/1888;"Notice I.Jack.the.Riper Will Pay Shortly a visit to your Residence or your City shop Truly yours Jack Riper""";
JR_211188_3.txt;21/11/1888;"Near the Spot



Nov 21/88.



Dear Boss 



Being still at large thanks to the energetic efforts of the Police to effect my capture. I take the liberty of writing to you to say that it is my intention of committing one or two outrages & murders in or near your locality-perhaps on the steps of your office. I am not living far away from Cavendish Street, near your office. The reason of my writing this in ink instead of human

blood is that I was not fool enough to keep any from last jobs in Whitechapel.



Yours



Jack the Ripper";X
JR_211188_4.txt;21/11/1888;"To Dear old Boss



from Jack the Ripper



[With appended cutting `F.F.G.  In England and Wales there is one policeman to every seven hundred and

seventy-five people.']";
JR_221188.txt;22/11/1888;"Manchester



Nov. 22nd 88



Dear Boss



I am staying in Manchester at present but dressed as poor man a navvie. saw the paper and you have had a letter from someone signed J. Ripper from Portsmouth soon after I did the last job (Kelly) i have been in Manchester since. Had nothing to do since kelly but seen Jervis's girls [?] every day will visit London about Sunday ready to be in time again on Monday. when i will do

another i will tell you all when i get copped. Good Bye old fellow till i return.



Yours Truly



Jack the Ripper.";
JR_221188_2.txt;22/11/1888;"Dear Boss



Catch me I you can, you will soon hear of me again. 



Yours Respectfully



""Jack the Ripper""";X
JR_221188_3.txt;22/11/1888;"hear I am again



Dear Boss I was nr coming a cropper on a nice gal patrige to slice into in Ashton Street and was just going to make a bargain when all of a sudden a nurse or someat like one comes out of a hospital close by and spoils my little game she was a perky one mind you to for she stood in the

road to watch me til i wated carles like away but by Jove if she comes in my way again ille make her feel something sharp in her dainty carcass ille try Ashton Street again there is nice cosy little draw rooms where i can do it comfortteley they ill find lots of red raddle spilt some day they ill find nice little partriges breasts some day in there cuburds i met a young woman in Scotland Road the night I smiled at her and she calls out Jack the ripper She dident know how right she was i am goin up tonight ther to shop in Liverpool but I'll try again soon Jack the Ripper wont be better meet me at Euston same place



did you see that 1818 stone partrige She ill cut up well Boss";X
JR_221188_4.txt;22/11/1888;"22 Nov. 1888



Dear Boss



I do larf when I hears you have cort me I shall do for two more next Saturday so look sharp and catch me if you can I will send their ears and bloody guts to you good by Boss



Jack the Ripper



You see I am not far off";X
JR_231188.txt;23/11/1888;"E.C.



dear Boss



Next week we polish of another maiden



Yours truly, Jack the Ripper";X
OO_231188.txt;23/11/1888;"Rea St Lodging House



Birmingham



Dear Sir,



I beg to inform you that I have read about that bungling affair yesterday morning in Whitechapel, this is to say that I have had no hand in it, but I think it must be one of my apprentices who has been practising, while I have been away, I am pleased to say that I arrived safe in B'ham last friday, where I have been since, I come to record my vote last saturday in support of the Bible candidate, for the school board election I am taking a holiday for a week I will again give you a standby visit, but I am going to try my luck here, before I come over, as I can see good chances for my practise, regretting you have been compelled to retire, wishing you better luck from the



Old Original Jack the Ripper



PS Kindly let the public know how disgusted I am with that offer, but I will make out next time";
MH_241188.txt;24/11/1888;"Dear Mrs Boss, - I mean to have your life before Christmas. I will pay a - of a trick with you, old woman. I played a good one on the last, but this will be better. Aint I clever? - Believe me to remain yours for ever,



Jack the Ripper.



Beware.";X
MH_241188_2.txt;24/11/1888;"Dear Miss Boss. Before Sunday night I mean to have your life. I shall be upon you without your thinking. I will play a better trick with you than I did with the last one, and that was clever. - 



Yours truly, Jack the Ripper.



Beware.";X
JR_251188.txt;25/11/1888;"Dear Boss,



Just a few lines to you to tell I am stopping near Glos'ter for a few days I intend waiting here till the last affair is blown over and then may return on another visit to to Whitechapel dont you think I'm having a good Grinn abbout the man with the black moustache; ha ; ha ;

Dear Boss: tell the Glostorins not to be to much alarmed as I dont feel up to having a game with them at present;



I remain yours



faithfuly Jack



the Ripper";
JR_261188.txt;26/11/1888;Dear Boss I Send a Line to say that I shall be at Work again on next Thursday morning Yours Truly Jack the Ripper;X
JR_261188_2.txt;26/11/1888;"Dear Boss



Just a line to tell you that I shall do another murder on some young youth such as printing lads who work in the City I did write you once before but I don't think you had it I shall do them worse than the women I shall take their hearts and rip them up the same way I shall be up the City some time next week so I will atack on them when they are going home as I want to do some more as I like the job very much I shall kill 20 or 30 before you can kitch me any Youth I see I will kill but you will never kitch me put that in your pipe and smoke it how about the bloodhounds



Good bye



Dear Boss



Your truly



Jack Ripper



I am all over Whitechapel and City Also see your brave worrors police I see them and they cant see me";X
JR_271188.txt;27/11/1888;".E.



17 Whitechapel Road



.E.



Dear Boss I hope when you get home you will find your mother murdered for that is what you deserve



Yours truly



Jack the Ripper";
JR_271188_2.txt;27/11/1888;"Hell 26/11/88



Dear Boss Was not that jolly at scare about that woman who thought that Jack the Ripper. They think they have got hold of my description I laughed myself into fits over that I have got a jolly lot of false whiskers & moustachios in my black bag. The last job was nice & clean. I carried away a part of her. (Conundrum Try & find what part). I am going to do another on Friday. & I shall give the police enough running about on Christmas. Jack the Ripper";X
BB_281188.txt;28/11/1888;"[This letter is written on the inside of an opened up envelope]



[Top flap] 



kilburn lodging house



Gentlemen



this is the first note you have had from the real man. but that dont matter for i am not yet my number is sixteen in this country six i have done and the rest i mean to do if it is to hot in the east i will come to the west i went in the hide park the other night and found some nice little dears but it was to light from the moon to do business but you will hear



[left flap] 



of one there praps before you get this they have had me and i will have them



[right flap] 



Yours [?] the black brunswick boy";
JR_031288.txt;03/12/1888;"Dear Boss,



You have not caught me yet and you are not likely to. I shall keep on at my work for I love it, and I will send you something for a christmas box.



Yours Jack the Ripper";
JR_041288.txt;04/12/1888;"England



Dear Boss



Look out for 7th inst. Am trying my hand at disjointing and if can manage it will send you a finger



Saunders Esqr Yours



Police magistrate Jack the Ripper";X
JR_081288.txt;08/12/1888;"Chatham/Saturday/December 8th/1888



Dear Boss I am still at liberty the last job was not bad in (Whitechapel) but I guess the next will be a (dam) sight worse the police about here are fine looking fellows I had the pleasure of drinking with one this morning and asked him what he thought about my glorious work I guess I will make a double shuffle of it this time me and my pal (you bet) I have got one or two set and soon shall have more (Ha_Ha_Ha) I can see better specimens in garrison town look out in a day or two yours (not yet) jack the Ripper (Ha,Ha)";X
JR_191288.txt;19/12/1888;"Dear Boss



I have left London because it was too hot for me. Monroe made it too hot for me.



I have come to Liverpool & you will soon hear of me



Yours



[red ink blot] Jack the ripper



PS some of the real stuff but I have to be verry sparing of it";X
JR_211288.txt;21/12/1888;"London 21 (3)



I



Have wanted to be your friend with mi letter i did not want to met you it wos to appear yours by a my the Bastard Riiper . . . one hart [largely illegible] . . . i will Rip you up the first time meet ought to punish the Bastard



JACK THE Ripper";
JR_231288.txt;23/12/1888;"England

Limerick

Ireland



Dear Boss



I am on leave now I will be all till after Xmass don't trouble London for me I want my holidays. I must travel all Ireland and Scotland the Police here are not of much use I have been happy to say I have been traveling with some of your Dectives which I met on the 15 hollihead we was together as far as dublin when we parted on Sunday morning of the 16th



Jack the Ripper";
JC_080189.txt;08/01/1889;"Dear Boss



I write these few lines to you just to inform you that I shall soon be on the job again very shortly near blackheath., I have my eye on a few gay women.



You have thought you have had me but I have laughed ha ha ha



I Remain Yours very truly



Jim the Cutter



[Letter marked with brown finger smudges, probably blood]";X
JB_150189.txt;15/01/1889;"Dear Boss I will [illegible] rip another woman on [illegible] in Whitechapel last I chucked some old wo[missing] in the thames because [missing] began to sqeal but I ... [illegible] ... I riped up little boy in Bradford [missing] in Slough.



Dear Boss you will hear [missing] me soon. 



yours truly



Jack Bane [?]

Alias

Jack the Ripper[?]";X
SR_160189.txt;16/01/1889;"Alma Rd

N

Jany 16 88 [sic]



Dr Boss



As to the Tunis scare I am still in London After my trip to Bradford.



I shall remain still for a time



I am preparing a draught, that will kill & leave no marks those I shall give it to will fall in various places, either being runover or die from its effect for the future I am Scarlet Runner should you wish for particulars of the Bradford mystery give me a corner in the echo (to Scarlet Runner I fear not your detectives as my disguises are as numerous as theirs.



I know I shall be caught one day, as I often rush against a body in my haste.



Scarlet Runner



Further particulars When I note corner";
JR_040289.txt;04/02/1889;"Dear Boss



Be on the look out . as I am coming to visit Mile-end and do for the rest to number 15 then I give myself up to the Police Yours- Jack the Ripper 



returned from America";X
AR_180289.txt;18/02/1889;"'Perhaps you don't know who I am  My name is Jack the Ripp[er] From the police I'm a gr[eat] Slipper My real name is Raffa[ ] And I am to be found in Whitechapel



Augustus Robertson Raf[ ] formerly of 24 Goulsoln[n? ]



Whitechapel now of Vanbrugh Park Blackhea[th]'";
JR_310389.txt;31/03/1889;"March 31st



Dear Boss



Just a line to say I think its time to commence my little games again so keep your boss eye open the first week in April



Yrs, truly



Jack the Ripper";X
JR_180789.txt;18/07/1889;"July 18th 1889

Races

Leicester



Dear Boss



I write you a few lines hoping you are geting on nicely they call me an American butcher now. never mind I have started [`operaiton'  deleted] killing again its grand work I dont like give it up just now. I had not time to finish the last one. I shall be in London again to night. Do they think they got a clue they perhaps would like to have. they is another one I have got my eye on her I will close this letter to Dear Boss I Remain



Jack the Ripper";X
JR_190789.txt;19/07/1889;"Say now boss no ""narrow escape"" your officers are lying free. I had heaps of time . guess I am coming west now for I am a moral man and am determined to put down wholesale whoredom I am going for ""lady prostitutes"" now and there are millions. then too some well known card sharper, and other sports will be attended to I have located one a scorcher not far from portman square who

will be found properly carved and his tool ears tongue and ears I shall cut off and send you leaving his guts on the side walk this wont be mean anyway I am a new god to reform abuses and advantage players, must be stopped going around  no more crimping at poker , and the sucker

shall have a look in no more ringing in a cold deck no more reflectors for that boss I guess he may chuck his bugs and [missing]lds out for I am  to his vile [ ] right away , he euchred a male of mine and so I am going to stick him and others, pig sticking I call it shall be around Scotland yard soon I am ""a foreign butcher"" am I you cannot locate me I guess but you see I am

an instrument of god for good and when I divide neatly some killed bosses wife a lady lord I guess you will be mad and feel a bit mean and there is no one to squeal for I do it all myself . . . a word of warning beware and protect your low immoral pot bellied prince god has marked him for destruction and ""mutilation"" , keep your men about pimlico and belgravia - soon there will be two more stiff on the side walks and ladies now [drawing of knife with finger pointing at 

it 'his tool'] Jack the ripper"" n.b. other letters nd gen[missing]";
JR_190789_2.txt;19/07/1889;"E.

July 19, 1889



Dear Boss



Will be Saturday 20. And Sunday 21. Night in 3. Princess street Spitalfields the Club and see what can do Watch and catch me if you can



Jack the Ripper";X
JR_190789_3.txt;19/07/1889;"Whitechapel



Three women done me wrong in Whitechapel So I will kill every women there. 20 because of Them



I will cut out There Abdomen I dare say you Know what That means I am Jack the Ripper. I am going to have another women in two more days time in Whitechapel near castle alley I am a mark on the women



The police ant artfull enough for me. I do it when I get a chance not when I see police coming I will do it one of those times when a copper looking and the I'll do the same to him. [This paragraph in pencil]



I live in Whitechapel I have been over in america all the summer



Yours Truly



Jack the Ripper [signature in pencil]



I am in [illegible & torn]



They searched all them barrows and carts Near the castle alley But they didn't search the one I was in I was looking at the police all the Time.";X
JR_190789_4.txt;19/07/1889;"Dear Sir



I accomplished my eighth victim without interruption I shall now wait quietly till 27th when two

shall fell the knife to celebrate the Royal wedding so to make more news for papers for this work I am paid by a society abroad whose name wille not be mentioned I intend finishing my work late in August when I shall sail for abroad



Believe me sir

The Worlds surprise

Jack the Ripper";X
JR_220789.txt;22/07/1889;"Angust Hotel

Nr B Street

City

July 22nd 1889



Dear Boss



I am about to do another murder tomorrow night or Wednesday night I cant keep from my work long for I love it to much, catch me if you can. this is the last one this side of the water, the next Im going to give the other side a turn, I had a bit of a job with the last one. I had to leave it before I could finish



signed

Jack the Ripper";X
JR_220789_2.txt;22/07/1889;"London W.



Dear Boss



Back again & up to the old tricks. Would you like to catch me? I guess you would well look here - I leave my diggings - close to Conduit St to night at about 10.30 watch Conduit St & close round there - Ha - Har I dare you 4 more lives four more cunts to add to my little collection & 

I shall rest content Do what you will you will never trap 



Jack the Ripper



Watch P.C. 60.C. light moustache Shaven clean rather stout he can tell you almost as much as I can



- G.F.S. [? deleted]



F Place. R. St. W



[drawing of a knife blade]



not a very big blade but o sharp";X
JR_240789.txt;24/07/1889;"24/7/89



Sir,



I will commence again on the 5th August



Yours very truly



Jack the Ripper";X
JR_250789.txt;25/07/1889;"London W.



Dear Boss



You have not caught me yet you see, with all your cunning, with all your ""tecs"" with all your blue bottles. I have made two narrow squeaks this week, but still thogh disturbed I got clear before I could get to work - I will give the foreigners a run now I think - for a change - Germans especially if I can - I was conversing with two or three of your men last night - their eyes of course were shut & thus they Did not see my bag. 



Ask any of your men who were on duty last night in Piccadilly (Circus End) last night if they saw a gentleman put 2 dragoon guard sergeants into a hansom. I was close by & heard him talk about shedding blood in Egypt. I will soon shed more in England.



I hope you read mark & learn all that you can if you do so you may & may not catch Jack the Ripper If you want to know where Jack the Ripper is Ask a policeman So long old boys au revoir somday I shall meet you again ha ha ha



Your old friend (the enemy)



Jack";
JR_260789.txt;26/07/1889;"July 26th 1889



Somers Town



DEAR BOSS,



I am very sorry I have given you all the trouble I have, but my thirst for blood must be satisfied, when I have slaughtered 6 more I shall give myself up to your dogs, before this month is gone you will hear of me again, this time it shall be Kings Cross where a few of the whores want thinning. Boss your dogs are too hot for me at Whitechapel or I should have done the rest there, the man who catches me will be a clever one, and will have to fight very hard for the reward offered. I am now living in Somers Town, but I must not tell you my address.



I remain



Dear Boss



Your truly



""Jack the Ripper""



P.S. please excuse the writing, you shall hear from me again!";X
JR_070889.txt;07/08/1889;"7/8/89



To the Evening & Post Boss I now write these Horrible line to you to let the people of Canning Town know I am hunting about I was with a good looking winter [?] last night at the church I thought I let her live a day or so, over so as I could sharpen my tools ready for her Hold me tight you cunning lot of coppers the next time you catch me I am Jack the Ripper catch me if you

can I do shake writing these lines";
JR_210889.txt;21/08/1889;"thinks old Pal but I don't want any taken this week I saw my Photo a short time ago in the Police News you know Johnny Rippers will give you a call in a day or t[ ] as you have a lot in your district wants a look up yet. Mr one ready say Friday next about 12.45 am where in Bird

Cage Walk one of the old girls of Westminster yours Jack Rippers of nobles";X
JR_280889.txt;28/08/1889;"I Jack the Ripper will committ a murder in Queens Road on Friday,



Yours &c.



Jack the RIPPER";X
JR_020989.txt;02/09/1889;"Sep. 2nd/89



S.S. Northumbria Castle



Left ship- am on trail



yours Jack the Ripper";
JR_040989.txt;04/09/1889;"4 Sept

'89



Dear Boss



I will do [illegible] my work again this time in York Street I have got My eyes out to do nice quite young women



Yours



Jack Ripper



[illegible]";X
JR_100989.txt;10/09/1889;"I can write a great many hands this is one far from detection



From Jack the Ripper

Wednesday 10/1889



Dear Bos

Just a few lines before-hand I warn you to be on your guard. I mean to begin again with more determination. Oh how I crack my sides with laughing when I read of dear Old Jack and to think the Shiny button are baffled. I must say you are clever in finding out things you are quite perfect. I am a Student and I have been employed at one of the largest Hospitals in London. I am a French man by birth but through reduce circumstances and partly by English Woman I have been brought to poverty and oblige to take refuge in Whitechaple revenge is sweet so the Englishman say and I mean to have it I mean to do 20 and then I mean to give myself up. That last one was a devilish tuff one the knife had to be sharpened up a great many times you are quite right I did do it in a house were she lived and took me home I gave one of her ears to a passing dog so if you find the other parts you will not find the Ear the Poor old Sailor you mention in the Paper gave a grunt while I was devilish



P.S. I am leaving the [illegible] of Whitechapel excuse blunder I scarcely know what I am doing Jack depositing the bag that nearly made me Jump out of my boots poor Old chap how sad to be taken for Jack the Ripper I glory in it keep your spirits up dear Bos and be on your guard all though this as been written with a beating heart and a Shakey hand its from Dear Old Jack who wish you luck.";X
JR_100989_2.txt;10/09/1889;"Whitechapel Sept. 10



Dear Boss



The Ripper scare this morning is an infernal scandal on me you know. I never do my ripping

in that fashion but give them a chance to catch me ha ha I'd show you again soon wont be

long but this will delay my opperations untill it bloodhounds [?]



Jack the Ripper";
JM_110989.txt;11/09/1889;"Whitechapel. E.

11th Sep[t 1]889.



Sir.



To clear up this matter re the whitechapel murders. no doubt you think [ ]vious that [I]am not cought. but I must confess I was as nere cought this morning as possible. PC passed me while i was carring my deadly parcel to the arch off cable st or nere their.



I must one I am fortunate to eskape the law so long but I have sworn to kill fifteen wimmans in

Whitechapel and bye Gods help so I will. I can tell you I am miserable as one can be and shall be glad when my bloody worke is over as I find it is reccherd at nite to sleep I have some dredfull dreames I do not care if i am cought or no. now I am in london I will remain till I finished my work. I bought a paper this morning red the news and wished I was ded.



Yours



JMS Clarke

Not Jack the ripper";X
JR_110989.txt;11/09/1889;"Stockton Sep. 11 /89



Dear Sir



Please will you oblige me by Putting this into your Paper to let the People of England now that I ham [?] still living and running at larg as yet & intends to [illegible] I thought I would Have a new House at the north to see what there was going on there the People in London ... [illegible, damaged] ... way out off it I moved into Stockton last night from Kings Cross theres a few ... Stockton I should like th[illegibie] cut up Wisly ... [illegible] ... fast I ham leaving for newcastle to [illegible] you will soo Hear of me in Whitechapple again I have 2 more in London & then it might be Stockton or Newcastle soon I put well Paid for it so you see I ham getting on well I shall leave Newcastle tomorrow for London again the last ones cut up well so I have to close from yours. Jack the Ripper



so Long";X
BB_120989.txt;12/09/1889;"London

12/9/89



Sir,



... excuse me [missing] writing to vou [missing] boldly, but [missing] intended to settle 4 more 2 in the east end, & 1 at Islington & 1, at West end near Regent St- some time next week for I have not got the right cow yet, I have sworn to catch the right one that as Injured me, I did not settle that one under arch way, but I know who did. I am not Jack the riper, as it is put about, I am Brumigan Bill the Slaughterman for they are all Brumigan Women, that I have settled for they have ruined many a honest man in their own native town, and have come to Injure honest men here but I intend to stop there little game



I am Sir your's Brumigan Bill the Slaughterman Not Jack the riper";
JR_120989.txt;12/09/1889;"shall write the next letter in Blood implements of torture. [drawing of gun, razor and knives]



Jack the rippers

hole Whitechapel



Dear Boss



I shall certainly have you wife or Daughter of theirs leg Before another month she will be mutilated in a cruel manner But I can't help that



Signed



[illegible]";X
JR_130989.txt;13/09/1889;"Beware of my fire Arms From Eleven Jack Ripper I mean to start my work Again in a new slum in royal mint . st by the help of the devil next week but where I shall not mention I shall take the eyes nose only open the lower part of Victim an leave, I mean to start work the- new st [?] [illegible] during the week [middle portion of page largely illegible, torn with pieces missing]

. . . Black gloves with smart walk



Yours Jack the Ripper



Bucks Row

George Yard

Browns Lane

Doster St

Berner St

Mitre Square

Castle Alley

Back Ch lane

You must give me a chance to do two more";X
JR_160989.txt;16/09/1889;"Vauxhall

any body . this time



Sir



I beg leave to inform you of my change in residence I have removed to the above where I intend to commence business as soon as possible I thought it best to tell you so as you should not waste your time over East Look out for tomorrow night I remain your I.N.



alias



Jack the ripper";X
JR_180989.txt;18/09/1889;"You to are the next I shall require . Beware - my next visit is Camberwell 'Ah Ah = slip me if you can 



Jack the Ripper



I took stock of you last night and left you at your door my other victims have been whores and a change will [missing] tful it is not money but blood blood blood I crave for";X
JR_190989.txt;19/09/1889;"Wensday.

Dear Boss



I thought I would let you now jest to se if you could be clever enouft to stop me as I [me]an to give you a turn I mean to comense busenis before the weak is out I have spotted one or two near kingston station as I was down there last night minppouse [?] the slops have got [missing] in there eyes some has They have up the old spo[missing] but if they intefier with [m]e look out I got plenty of amineton & my long sticker is bleeding sharp I se by the papers you have yet 2 nice old strewbury nose top on the bench what price last one up the smock so good 



your old pal



Jack the Ripper or

look out to night";X
RI_230989.txt;23/09/1889;"Dear Boss



I write these few lines to you hoping you are quite well as it ... me at present the bloke that thinks that he is on my track is right off scent and now I have got my eye on four or five young girls from ponton road ... Lane Vauxhall 2 of which I must have this week commencing ... [sections illegible] ... others later or ... & good bye for the present From the

Ripper and the dodger



In the time that you receive this note I shall have my knife well sharpened and on my way there. You will hear ...



[sections illegible]";X
JR_270989.txt;27/09/1889;"The next turn out will be in a turning out of Commercial Road. Close to Gardner's Shop.



Now I shall tell you what I am. Clerk in holy orders . few years ago at St Pancras Church. Good morning Amen



Refr J. Ripper &c



September

24.89



This letter was posted at Gray's new Road";X
JR_280989.txt;28/09/1889;"E 28. Sep.



Dear Editor



I hope to resume operations about next Tuesday or Wenesday night. Don't let the coppers know.



Jack The Ripper";X
JR_300989.txt;30/09/1889;"I am Jack the Ripper I am at present living At the Neighbourhood of Islington I have got my eyes on the beauties I guess I will make Islington ring before I ave done do you think I am mad What of mistake you make So Prepare for Another Mutilation Case before this day week



[Drawings of knife-point, dagger . .]";X
JR_300989_2.txt;30/09/1889;"Beware I am near



Jack the Ripper



The police are bust looking for me I'm like a monkey up a tree not to be found as you will see While there is work for rippers three



This is the ninth murder we have done Yet it seems we have not begun



But now the Evenings are getting dark With the loose Girls we'll rip up



Not time for more Too Busy for more now -";X
JR_011089.txt;01/10/1889;"Look out



Im acomin



Jack the Ripper";X
JR_071089.txt;07/10/1889;"Dear Boss



I shall do another murder shortly and shall outwit you all



Yours truly



Jack the Ripper";X
JR_071089_2.txt;07/10/1889;"[Drawings of a pistol, coffin, poison jar, dagger and knife through a heart]



These.are.for.you Doubly . dyed villain. THIS IS NO JOKE I AM IN EDINBURGH FOR A SHORT SEASON WILL COMMENCE WORK SHORTLY IN LONDON.



JACK THE RIPPER Dark Hearts



6.H. (CAPT)";X
JR_081089.txt;08/10/1889;"To the chief of Scotland Yd.



I might say that none of the police are on or have been on my track. I will D.V. commit another murder on the 9 instant. The last murder was not done by me but by some one else.



Jack the Ripper



I do not wish to waste a stamp to such useless Dogs as you detectives";X
JR_161089.txt;16/10/1889;"I hope you can read what I have written, and will put it all in the paper, not leave Hall out. If you can not see the letters let me know and and I will write them biger.



October 17th



Dear Sir



I shall be in Whitechapel oon the 20th of this month- And will begin some very delicate work ""HA""!!! about midnight, in the street where I executed my third examination of the human body.



Yours till death



Jack the Ripper



(Catch Me if you can) kisses



XXXXXXXXX

XXXXXXXX";X
JR_231089.txt;23/10/1889;"Oct 22 1886 [sic]



Bloodworm



Keep your candles open ['on'  deleted] The East End of or about the 9th of November



Yours Truly



Jack the Ripper



[Crude drawing of a body on ground with man standing over it waving a dagger]";X
JR_301089.txt;30/10/1889;"""Jack the Ripper""



I am coming over to Clapham on the 8 or 9 November when I intend to have a turn at some of your

Jews [?]



J the R



The Editor Clapham Observer Please insert this in your Paper";X
JR_301089_2.txt;30/10/1889;"Editor of the London Times. As I was obliged to go to America that murder which was promised within a week failed to be performed. There's plenty of time yet in which to complete the fifteen. Some of your police regulations are so absurd that I have to laugh at them. Here the

officers are armed and allowed to use their discretion. There the whole system is stupid. I did not see it so much till I came here where such a series would not be possible. However I hope you won't wake up until I am through. I will follow this one week later. Then look out --



Jack the Ripper";
JR_081189.txt;08/11/1889;"Dear Boss 30 Bangor St Novr. 8/89



My finest shot to justify myself I now fire,

You will see by this that I am not a liar;

Funk stupid Fool, believes, me to be insane;

His next shotlog will be that 'I'm tame,

In the papers you sometimes see -

Letters written by him, but none by me,

He declares an accomplice is concerned,

That he has to prove and learn -

He describes my complexion, dark with good looks;

Tells the public he has my boots,

Togs 8 suits, many of hats I wear,

And people at me often stare

Those shots are bully clogs and not fair,

The true shots I pack'd 2 pails in High St,

To pay rents, buy food (no gin) but meats.

The togs have I 2 suits both dark and blue over Coats,

Hard felt hat and blue ruff on my throat,

Long hair, no beard and none on chin

Do neither smoke, swill, or touch gin...

At Finsbury, St Paul's hard near,

I never dost the rents are too dear,

Whitechapel High St hard near my home -

I always do my work alone,

Some months hard gone near Finsbury Sqre:

An eccentric man lived with an unmarried pair -

Mad on Vivisection (the cutting up of animals) He gave

me a threat,

He would get hold of a dog or cat for a joke.

With one cut of the knife sever its throat.

He was very dark, teeth (if new) pocked mark'd disease

on nose) did him meet

The tale is false there never was a lad,

Who wrote essays on women bad,

I'm not a flash away Belgavian swell,

Altho, self taught I can write and spell,

The Miller's Court murder a disgusting affair

Done by a Polish Knacker rather fair

The morn (of the murder) I went to the place -

Had a shine but left in haste,

I spoke to a policeman who saw the sight,

And informed me it was done by a Knocker in the night...

I told the man you should try and catch him;

Say another word old Chap I'll run you in,

Flunk, old Donkey, say he can me catch:

He would soon find in me his match,

The detectives of London, are all Hind;

They know they cannot me search and find.

Flunk you should a spark make -

He would soon be tired and try to escape -

Operations you'll begin this month again,

Despatch the police and good strong men -

Whitechapel alone is the place,

The man is keen; quick, and leaves no trace -

My blood boils and with indignation rages,

To perpetuate more bloody outrages ,

Prostitution against which I desperately fight;

[To] destroy the filthy hideous whores of the night;

[D]ejected, lost, cast down, ragged, [ ] and thin,

Frequenters of Theatres, Music Halls and drinkers of

Hellish gin.

My knives are sharp and very keen,

Determined I swear what [ ] mean....

The swellish flashaway Tecks I very often see-

Treating whores and asking them for tea.

One night hard gone I did a policeman meet -

Treated and walked with him down High St,

The letter addressed to 22 Hammersmith Road -

Was written by some vulgar lying toad,

Old Funk, thinks me a flashaway swell -

A first rate man, and in a fine house I dwell.

A fourpenny doss I have at a Common East End Doss

House

And do not dine on aristocratic grouse,

When I by luck some browns and bobs do make -

Sometime early, but at others very late,

He thinks a very large fortune I have got,

And loves to ridicule and me knock,

He well knows the reason why I kill,

The whorish women and them thin,

Money (of which) Sir, I have none;

But I detest ridicule of my sarcastic plans and fun.



J. Ripper



I will write more in a few days.";
JR_291189.txt;29/11/1889;"Dear Boss



Beware Jack the Ripper is going to commit another murder on the 1st December 1889



Farewell



Jack the Ripper";X
JR_250190.txt;25/01/1890;"Look out for another murder in or near Bakers Row. It will be a woman about 60. I am going to chop her legs & arms off but not kill her. Most likely next Saturday night (1/2/90)



Yours truly,



FROM{ Jack the Ripper



I am going to do 2 more & then go abroad. This game pays well J.T. Ripper";X
JR_280190.txt;28/01/1890;"Dear Sir



I shall commit another murder in Whitechapel on Wednesday 29th and you will not find it out very easily for I have a secret place and a fixed victim. I had not a penny to buy a stamp but I gave it to you to pay 2d.



Yours Truly



Jack the Ripper



Good bye Boss";X
JR_020490.txt;02/04/1890;"Beware.



Whitechapel again, beginning of next week. Have done 10 5 more to finish



Jack the Ripper";X
JR_100490.txt;10/04/1890;"Mr Matthews beware on or before May 14/90 beware . beware . beware



J the R";X
JR_160490.txt;16/04/1890;"April 16



Clifton



Mr Matthews



Sir



Do you think yourself a man for if you do I dont in stead of young davis been hung you ought to have been hung instead let me ever put my eyes on you I will blow your brains out hav sure heard

your name is what it is you are a bad caule fellow and no mistake about it I shall be close after your heals if I am hung You [rest of line missing] thing you done Justice if you do I

dont it shant pass of how easy how you think so look out till I come back



Jack the

Ripper



 So look out";
JR_061290.txt;06/12/1890;"I shall commence again very soon in Mile End (not Whitechapel) for thats rather too hot for me now. This will be my last but one. The victim lives in Frimley St Mile End.



Signed Dear boss



Jack the Ripper



J.R.



It was not that ... [illegible] Mrs Hoggs not Pearcey.



JR



This is some of Mrs Hoggs Blood [Blot on page] 



Jack the Ripper



[Reverse] Not to be opened by anyone except The Controller. Himself";
JR_030391.txt;03/03/1891;"You see I am about again another one for you to Get on the Job with I ll wake up your babies  about here for you they are going to sleep and the next one I do will be right in front of you and then you wont catch me you dont know the way I Know Scotland Yard well as you and the leaden

steps in 77



Jack the Ripper";X
IM_270491.txt;27/04/1891;"Dear Boss



I hope that by now that you find I am to witty for you things I.N. Constables uniform I will show my Contempt by doing a Job where you little think.



IM.A [?]";
;;;
;;;
;;;
;;;
;;;
;;;
;;;X
;;;X
;;;
;;;X
;;;X
;;;
;;;
;;;X
;;;X
;;;X
;;;
;;;
